target_k0,y,branch_label,branch_Tc,branch_nc,branch_Pc,ref_model,ref_label,ref_K0,ref_Tc,ref_nc,ref_Pc,delta_Tc,delta_nc,delta_Pc,norm_distance_tc_nc,norm_distance_tc_nc_pc
250.0,0.5,Clausius K0=250 y=0.5,16.16332176411409,0.0499249682702512,0.2419531047308166,vdw,VDW,762.5389523893134,19.714051699516656,0.072416844954675,0.5268892365693063,-3.5507299354025648,-0.022491876684423803,-0.2849361318384897,2.3674857863819243,2.7818445069264293
250.0,0.5,Clausius K0=250 y=0.5,16.16332176411409,0.0499249682702512,0.2419531047308166,cs,CS,601.4493907713359,18.610508147609703,0.0700684676121003,0.4730708773790477,-2.4471863834956125,-0.0201434993418491,-0.23111777264823108,1.9678843657448304,2.2970303214839713
250.0,0.5,Clausius K0=250 y=0.5,16.16332176411409,0.0499249682702512,0.2419531047308166,tvm,TVM,564.2212831027393,18.270592977429768,0.0686731772110184,0.4501818263011174,-2.107271213315677,-0.018748208940767203,-0.2082287215703008,1.800488325824725,2.0931449792258685
250.0,0.5,Clausius K0=250 y=0.5,16.16332176411409,0.0499249682702512,0.2419531047308166,rks,RKS,517.6872568264379,18.24001789209203,0.0642915436584505,0.3967767384930558,-2.0766961279779395,-0.014366575388199299,-0.15482363376223918,1.4701064257143803,1.6706776462608708
250.0,0.5,Clausius K0=250 y=0.5,16.16332176411409,0.0499249682702512,0.2419531047308166,pr,PR,443.1214644777803,17.14148343849026,0.0607238126175483,0.3318221903778373,-0.9781616743761674,-0.010798844347297103,-0.08986908564702067,0.998737857823524,1.0998771825600382
250.0,0.4,Clausius K0=250 y=0.4,15.574217025393496,0.0491739813479714,0.2299928066284934,vdw,VDW,762.5389523893134,19.714051699516656,0.072416844954675,0.5268892365693063,-4.1398346741231595,-0.0232428636067036,-0.2968964299408129,2.5574909902796197,2.9761237546951227
250.0,0.4,Clausius K0=250 y=0.4,15.574217025393496,0.0491739813479714,0.2299928066284934,cs,CS,601.4493907713359,18.610508147609703,0.0700684676121003,0.4730708773790477,-3.0362911222162072,-0.020894486264128896,-0.2430780707505543,2.1415136860352373,2.477682439628727
250.0,0.4,Clausius K0=250 y=0.4,15.574217025393496,0.0491739813479714,0.2299928066284934,tvm,TVM,564.2212831027393,18.270592977429768,0.0686731772110184,0.4501818263011174,-2.696375952036272,-0.019499195863047,-0.22018901967262403,1.9696264069177747,2.2701512755060973
250.0,0.4,Clausius K0=250 y=0.4,15.574217025393496,0.0491739813479714,0.2299928066284934,rks,RKS,517.6872568264379,18.24001789209203,0.0642915436584505,0.3967767384930558,-2.665800866698534,-0.015117562310479095,-0.1667839318645624,1.6568966522395157,1.8644960731607012
250.0,0.4,Clausius K0=250 y=0.4,15.574217025393496,0.0491739813479714,0.2299928066284934,pr,PR,443.1214644777803,17.14148343849026,0.0607238126175483,0.3318221903778373,-1.5672664130967622,-0.011549831269576899,-0.10182938374934389,1.1605208352383614,1.2725235092073715
250.0,0.3,Clausius K0=250 y=0.3,13.753714837714396,0.04664858568701,0.1936972533579578,vdw,VDW,762.5389523893134,19.714051699516656,0.072416844954675,0.5268892365693063,-5.96033686180226,-0.025768259267665003,-0.3331919832113485,3.197554934041156,3.6251796463239963
250.0,0.3,Clausius K0=250 y=0.3,13.753714837714396,0.04664858568701,0.1936972533579578,cs,CS,601.4493907713359,18.610508147609703,0.0700684676121003,0.4730708773790477,-4.856793309895307,-0.0234198819250903,-0.2793736240210899,2.752417901755085,3.102737596854841
250.0,0.3,Clausius K0=250 y=0.3,13.753714837714396,0.04664858568701,0.1936972533579578,tvm,TVM,564.2212831027393,18.270592977429768,0.0686731772110184,0.4501818263011174,-4.516878139715372,-0.022024591524008402,-0.2564845729431596,2.574995453671337,2.8912698082767925
250.0,0.3,Clausius K0=250 y=0.3,13.753714837714396,0.04664858568701,0.1936972533579578,rks,RKS,517.6872568264379,18.24001789209203,0.0642915436584505,0.3967767384930558,-4.486303054377634,-0.0176429579714405,-0.203079485135098,2.3060351649421484,2.5301454460650485
250.0,0.3,Clausius K0=250 y=0.3,13.753714837714396,0.04664858568701,0.1936972533579578,pr,PR,443.1214644777803,17.14148343849026,0.0607238126175483,0.3318221903778373,-3.3877686007758623,-0.014075226930538302,-0.1381249370198795,1.78413517930714,1.9195127374709078
250.0,0.2,Clausius K0=250 y=0.2,10.505401021534114,0.0413134302290176,0.1324521616783205,vdw,VDW,762.5389523893134,19.714051699516656,0.072416844954675,0.5268892365693063,-9.208650677982542,-0.031103414725657398,-0.3944370748909858,4.459685382751736,4.896684213042661
250.0,0.2,Clausius K0=250 y=0.2,10.505401021534114,0.0413134302290176,0.1324521616783205,cs,CS,601.4493907713359,18.610508147609703,0.0700684676121003,0.4730708773790477,-8.10510712607559,-0.028755037383082695,-0.3406187157007272,3.996709084122927,4.361509620269538
250.0,0.2,Clausius K0=250 y=0.2,10.505401021534114,0.0413134302290176,0.1324521616783205,tvm,TVM,564.2212831027393,18.270592977429768,0.0686731772110184,0.4501818263011174,-7.765191955895654,-0.027359746982000797,-0.31772966462279695,3.8191511021035622,4.151984954115348
250.0,0.2,Clausius K0=250 y=0.2,10.505401021534114,0.0413134302290176,0.1324521616783205,rks,RKS,517.6872568264379,18.24001789209203,0.0642915436584505,0.3967767384930558,-7.734616870557916,-0.022978113429432893,-0.2643245768147353,3.5918172078723773,3.838918744766949
250.0,0.2,Clausius K0=250 y=0.2,10.505401021534114,0.0413134302290176,0.1324521616783205,pr,PR,443.1214644777803,17.14148343849026,0.0607238126175483,0.3318221903778373,-6.636082416956144,-0.019410382388530698,-0.19937002869951678,3.0675220673530403,3.2333104116120204
250.0,0.1,Clausius K0=250 y=0.1,5.139331050475913,0.02987414557608,0.0479525899663286,vdw,VDW,762.5389523893134,19.714051699516656,0.072416844954675,0.5268892365693063,-14.574720649040742,-0.042542699378595,-0.4789366466029777,6.733079063816607,7.166767959144923
250.0,0.1,Clausius K0=250 y=0.1,5.139331050475913,0.02987414557608,0.0479525899663286,cs,CS,601.4493907713359,18.610508147609703,0.0700684676121003,0.4730708773790477,-13.47117709713379,-0.040194322036020295,-0.42511828741271906,6.263924203001338,6.632215973404429
250.0,0.1,Clausius K0=250 y=0.1,5.139331050475913,0.02987414557608,0.0479525899663286,tvm,TVM,564.2212831027393,18.270592977429768,0.0686731772110184,0.4501818263011174,-13.131261926953854,-0.0387990316349384,-0.4022292363347888,6.088044524537667,6.427764074796834
250.0,0.1,Clausius K0=250 y=0.1,5.139331050475913,0.02987414557608,0.0479525899663286,rks,RKS,517.6872568264379,18.24001789209203,0.0642915436584505,0.3967767384930558,-13.100686841616117,-0.034417398082370494,-0.34882414852672716,5.881901076829939,6.147724448331005
250.0,0.1,Clausius K0=250 y=0.1,5.139331050475913,0.02987414557608,0.0479525899663286,pr,PR,443.1214644777803,17.14148343849026,0.0607238126175483,0.3318221903778373,-12.002152388014345,-0.0308496670414683,-0.28386960041150866,5.359747393216327,5.553793211841255
280.0,0.5,Clausius K0=280 y=0.5,16.4817165975974,0.0520814359187431,0.261959538318564,vdw,VDW,762.5389523893134,19.714051699516656,0.072416844954675,0.5268892365693063,-3.2323351019192543,-0.020335409035931902,-0.2649296982507423,2.145503016431259,2.53924124776746
280.0,0.5,Clausius K0=280 y=0.5,16.4817165975974,0.0520814359187431,0.261959538318564,cs,CS,601.4493907713359,18.610508147609703,0.0700684676121003,0.4730708773790477,-2.128791550012302,-0.0179870316933572,-0.21111133906048368,1.7467177347662706,2.054820727384361
280.0,0.5,Clausius K0=280 y=0.5,16.4817165975974,0.0520814359187431,0.261959538318564,tvm,TVM,564.2212831027393,18.270592977429768,0.0686731772110184,0.4501818263011174,-1.7888763798323666,-0.0165917412922753,-0.18822228798255342,1.5801682852921515,1.8514817166053534
280.0,0.5,Clausius K0=280 y=0.5,16.4817165975974,0.0520814359187431,0.261959538318564,rks,RKS,517.6872568264379,18.24001789209203,0.0642915436584505,0.3967767384930558,-1.758301294494629,-0.012210107739707397,-0.13481720017449178,1.2480157294279248,1.4266070130576693
280.0,0.5,Clausius K0=280 y=0.5,16.4817165975974,0.0520814359187431,0.261959538318564,pr,PR,443.1214644777803,17.14148343849026,0.0607238126175483,0.3318221903778373,-0.659766840892857,-0.008642376698805201,-0.06986265205927328,0.7823355272690583,0.8604173741925206
280.0,0.4,Clausius K0=280 y=0.4,15.892574468950636,0.0513715379220354,0.2494231237607328,vdw,VDW,762.5389523893134,19.714051699516656,0.072416844954675,0.5268892365693063,-3.8214772305660194,-0.0210453070326396,-0.2774661128085735,2.3336588815588386,2.732988398619189
280.0,0.4,Clausius K0=280 y=0.4,15.892574468950636,0.0513715379220354,0.2494231237607328,cs,CS,601.4493907713359,18.610508147609703,0.0700684676121003,0.4730708773790477,-2.717933678659067,-0.018696929690064895,-0.22364775361831488,1.9164924186801031,2.2332588818775676
280.0,0.4,Clausius K0=280 y=0.4,15.892574468950636,0.0513715379220354,0.2494231237607328,tvm,TVM,564.2212831027393,18.270592977429768,0.0686731772110184,0.4501818263011174,-2.3780185084791317,-0.017301639288982998,-0.2007587025403846,1.7446618341588465,2.02559921172155
280.0,0.4,Clausius K0=280 y=0.4,15.892574468950636,0.0513715379220354,0.2494231237607328,rks,RKS,517.6872568264379,18.24001789209203,0.0642915436584505,0.3967767384930558,-2.347443423141394,-0.012920005736415094,-0.14735361473232297,1.4330084376917525,1.6199203977230257
280.0,0.4,Clausius K0=280 y=0.4,15.892574468950636,0.0513715379220354,0.2494231237607328,pr,PR,443.1214644777803,17.14148343849026,0.0607238126175483,0.3318221903778373,-1.248908969539622,-0.009352274695512898,-0.08239906661710447,0.9356219364863912,1.02655835780789
280.0,0.3,Clausius K0=280 y=0.3,14.063530458374572,0.048943415460203,0.2110688843825943,vdw,VDW,762.5389523893134,19.714051699516656,0.072416844954675,0.5268892365693063,-5.6505212411420835,-0.023473429494472002,-0.315820352186712,2.9756244437011428,3.3875676790749405
280.0,0.3,Clausius K0=280 y=0.3,14.063530458374572,0.048943415460203,0.2110688843825943,cs,CS,601.4493907713359,18.610508147609703,0.0700684676121003,0.4730708773790477,-4.546977689235131,-0.0211250521518973,-0.2620019929964534,2.5274372644348864,2.862159889941877
280.0,0.3,Clausius K0=280 y=0.3,14.063530458374572,0.048943415460203,0.2110688843825943,tvm,TVM,564.2212831027393,18.270592977429768,0.0686731772110184,0.4501818263011174,-4.207062519055196,-0.0197297617508154,-0.23911294191852311,2.34976567117917,2.6502794742489124
280.0,0.3,Clausius K0=280 y=0.3,14.063530458374572,0.048943415460203,0.2110688843825943,rks,RKS,517.6872568264379,18.24001789209203,0.0642915436584505,0.3967767384930558,-4.176487433717458,-0.015348128198247497,-0.18570785411046148,2.0877118721659618,2.294533538587658
280.0,0.3,Clausius K0=280 y=0.3,14.063530458374572,0.048943415460203,0.2110688843825943,pr,PR,443.1214644777803,17.14148343849026,0.0607238126175483,0.3318221903778373,-3.077952980115686,-0.011780397157345301,-0.12075330599524298,1.5641275233918996,1.6821709470308355
280.0,0.2,Clausius K0=280 y=0.2,10.766877967362776,0.043646340136056,0.1452653323918861,vdw,VDW,762.5389523893134,19.714051699516656,0.072416844954675,0.5268892365693063,-8.94717373215388,-0.028770504818619,-0.3816239041774202,4.260266220810876,4.68799142744428
280.0,0.2,Clausius K0=280 y=0.2,10.766877967362776,0.043646340136056,0.1452653323918861,cs,CS,601.4493907713359,18.610508147609703,0.0700684676121003,0.4730708773790477,-7.843630180246928,-0.026422127476044298,-0.3278055449871616,3.795009504768198,4.150433433223086
280.0,0.2,Clausius K0=280 y=0.2,10.766877967362776,0.043646340136056,0.1452653323918861,tvm,TVM,564.2212831027393,18.270592977429768,0.0686731772110184,0.4501818263011174,-7.503715010066992,-0.0250268370749624,-0.3049164939092313,3.6178450506043824,3.941091183257746
280.0,0.2,Clausius K0=280 y=0.2,10.766877967362776,0.043646340136056,0.1452653323918861,rks,RKS,517.6872568264379,18.24001789209203,0.0642915436584505,0.3967767384930558,-7.473139924729255,-0.020645203522394497,-0.2515114061011697,3.399408495005667,3.6357150803083913
280.0,0.2,Clausius K0=280 y=0.2,10.766877967362776,0.043646340136056,0.1452653323918861,pr,PR,443.1214644777803,17.14148343849026,0.0607238126175483,0.3318221903778373,-6.374605471127483,-0.0170774724814923,-0.18655685798595117,2.876294961007192,3.031125539412308
280.0,0.1,Clausius K0=280 y=0.1,5.2106102155646905,0.0317497600917686,0.0521329867664361,vdw,VDW,762.5389523893134,19.714051699516656,0.072416844954675,0.5268892365693063,-14.503441483951965,-0.0406670848629064,-0.47475624980287023,6.624175767439892,7.057133891400914
280.0,0.1,Clausius K0=280 y=0.1,5.2106102155646905,0.0317497600917686,0.0521329867664361,cs,CS,601.4493907713359,18.610508147609703,0.0700684676121003,0.4730708773790477,-13.399897932045013,-0.038318707520331695,-0.42093789061261155,6.153884808776493,6.5212644973209715
280.0,0.1,Clausius K0=280 y=0.1,5.2106102155646905,0.0317497600917686,0.0521329867664361,tvm,TVM,564.2212831027393,18.270592977429768,0.0686731772110184,0.4501818263011174,-13.059982761865077,-0.0369234171192498,-0.3980488395346813,5.978581855156565,6.317229240254022
280.0,0.1,Clausius K0=280 y=0.1,5.2106102155646905,0.0317497600917686,0.0521329867664361,rks,RKS,517.6872568264379,18.24001789209203,0.0642915436584505,0.3967767384930558,-13.02940767652734,-0.032541783566681894,-0.34464375172661965,5.778995399694615,6.0430420559513305
280.0,0.1,Clausius K0=280 y=0.1,5.2106102155646905,0.0317497600917686,0.0521329867664361,pr,PR,443.1214644777803,17.14148343849026,0.0607238126175483,0.3318221903778373,-11.930873222925568,-0.028974052525779698,-0.27968920361140115,5.258180934860452,5.450163268651239
315.0,0.5,Clausius K0=315 y=0.5,16.822045353851347,0.0543637113084092,0.2844835588150517,vdw,VDW,762.5389523893134,19.714051699516656,0.072416844954675,0.5268892365693063,-2.8920063456653082,-0.018053133646265797,-0.2424056777542546,1.9098314908718805,2.2785317329759387
315.0,0.5,Clausius K0=315 y=0.5,16.822045353851347,0.0543637113084092,0.2844835588150517,cs,CS,601.4493907713359,18.610508147609703,0.0700684676121003,0.4730708773790477,-1.788462793758356,-0.015704756303691093,-0.18858731856399596,1.5123465718476976,1.7949539501609504
315.0,0.5,Clausius K0=315 y=0.5,16.822045353851347,0.0543637113084092,0.2844835588150517,tvm,TVM,564.2212831027393,18.270592977429768,0.0686731772110184,0.4501818263011174,-1.4485476235784205,-0.014309465902609196,-0.1656982674860657,1.347086330578476,1.5925433707063859
315.0,0.5,Clausius K0=315 y=0.5,16.822045353851347,0.0543637113084092,0.2844835588150517,rks,RKS,517.6872568264379,18.24001789209203,0.0642915436584505,0.3967767384930558,-1.417972538240683,-0.009927832350041292,-0.11229317967800406,1.0122627500670967,1.1645022660067474
315.0,0.5,Clausius K0=315 y=0.5,16.822045353851347,0.0543637113084092,0.2844835588150517,pr,PR,443.1214644777803,17.14148343849026,0.0607238126175483,0.3318221903778373,-0.3194380846389109,-0.006360101309139096,-0.04733863156278556,0.5579156769344986,0.6084101328735145
315.0,0.4,Clausius K0=315 y=0.4,16.233830136175893,0.0537009881911045,0.2713550481230649,vdw,VDW,762.5389523893134,19.714051699516656,0.072416844954675,0.5268892365693063,-3.4802215633407627,-0.0187158567635705,-0.25553418844624143,2.0957192353635854,2.4714550767178647
315.0,0.4,Clausius K0=315 y=0.4,16.233830136175893,0.0537009881911045,0.2713550481230649,cs,CS,601.4493907713359,18.610508147609703,0.0700684676121003,0.4730708773790477,-2.3766780114338104,-0.016367479420995798,-0.2017158292559828,1.677153643754883,1.9703236570247717
315.0,0.4,Clausius K0=315 y=0.4,16.233830136175893,0.0537009881911045,0.2713550481230649,tvm,TVM,564.2212831027393,18.270592977429768,0.0686731772110184,0.4501818263011174,-2.036762841253875,-0.0149721890199139,-0.17882677817805254,1.505438335298397,1.7626021508568692
315.0,0.4,Clausius K0=315 y=0.4,16.233830136175893,0.0537009881911045,0.2713550481230649,rks,RKS,517.6872568264379,18.24001789209203,0.0642915436584505,0.3967767384930558,-2.0061877559161374,-0.010590555467345997,-0.1254216903699909,1.1951852753570187,1.3571567767969683
315.0,0.4,Clausius K0=315 y=0.4,16.233830136175893,0.0537009881911045,0.2713550481230649,pr,PR,443.1214644777803,17.14148343849026,0.0607238126175483,0.3318221903778373,-0.9076533023143654,-0.007022824426443801,-0.0604671422547724,0.6965638089359811,0.7624234809805259
315.0,0.3,Clausius K0=315 y=0.3,14.399044576498907,0.0513925881150354,0.2308469196163504,vdw,VDW,762.5389523893134,19.714051699516656,0.072416844954675,0.5268892365693063,-5.3150071230177485,-0.0210242568396396,-0.2960423169529559,2.7388587141416263,3.131228214093762
315.0,0.3,Clausius K0=315 y=0.3,14.399044576498907,0.0513925881150354,0.2308469196163504,cs,CS,601.4493907713359,18.610508147609703,0.0700684676121003,0.4730708773790477,-4.211463571110796,-0.018675879497064896,-0.24222395776269728,2.2871311788482314,2.602480572375591
315.0,0.3,Clausius K0=315 y=0.3,14.399044576498907,0.0513925881150354,0.2308469196163504,tvm,TVM,564.2212831027393,18.270592977429768,0.0686731772110184,0.4501818263011174,-3.8715484009308607,-0.017280589095983,-0.21933490668476702,2.1092370316809492,2.3902246208981444
315.0,0.3,Clausius K0=315 y=0.3,14.399044576498907,0.0513925881150354,0.2308469196163504,rks,RKS,517.6872568264379,18.24001789209203,0.0642915436584505,0.3967767384930558,-3.840973315593123,-0.012898955543415094,-0.16592981887670538,1.8563669728504935,2.0419767845425056
315.0,0.3,Clausius K0=315 y=0.3,14.399044576498907,0.0513925881150354,0.2308469196163504,pr,PR,443.1214644777803,17.14148343849026,0.0607238126175483,0.3318221903778373,-2.742438861991351,-0.009331224502512898,-0.10097527076148688,1.3316352422781401,1.4287083845296746
315.0,0.2,Clausius K0=315 y=0.2,11.057572132430584,0.0461786254147015,0.1601225916325296,vdw,VDW,762.5389523893134,19.714051699516656,0.072416844954675,0.5268892365693063,-8.656479567086071,-0.026238219539973497,-0.3667666449367767,4.04448291366098,4.460159708770067
315.0,0.2,Clausius K0=315 y=0.2,11.057572132430584,0.0461786254147015,0.1601225916325296,cs,CS,601.4493907713359,18.610508147609703,0.0700684676121003,0.4730708773790477,-7.552936015179119,-0.023889842197398793,-0.3129482857465181,3.576870491201336,3.9201808090102603
315.0,0.2,Clausius K0=315 y=0.2,11.057572132430584,0.0461786254147015,0.1601225916325296,tvm,TVM,564.2212831027393,18.270592977429768,0.0686731772110184,0.4501818263011174,-7.213020844999184,-0.022494551796316896,-0.29005923466858785,3.400331264858987,3.7112448615213545
315.0,0.2,Clausius K0=315 y=0.2,11.057572132430584,0.0461786254147015,0.1601225916325296,rks,RKS,517.6872568264379,18.24001789209203,0.0642915436584505,0.3967767384930558,-7.182445759661446,-0.018112918243748992,-0.2366541468605262,3.1928695823195796,3.4155900753821253
315.0,0.2,Clausius K0=315 y=0.2,11.057572132430584,0.0461786254147015,0.1601225916325296,pr,PR,443.1214644777803,17.14148343849026,0.0607238126175483,0.3318221903778373,-6.083911306059674,-0.014545187202846796,-0.17169959874530769,2.672109463405469,2.813349485158534
315.0,0.1,Clausius K0=315 y=0.1,5.30570596716618,0.0338592477123315,0.057191469437077,vdw,VDW,762.5389523893134,19.714051699516656,0.072416844954675,0.5268892365693063,-14.408345732350476,-0.0385575972423435,-0.4696977671322293,6.49938114606478,6.931077453029881
315.0,0.1,Clausius K0=315 y=0.1,5.30570596716618,0.0338592477123315,0.057191469437077,cs,CS,601.4493907713359,18.610508147609703,0.0700684676121003,0.4730708773790477,-13.304802180443524,-0.036209219899768795,-0.4158794079419707,6.027995215822224,6.393909059432979
315.0,0.1,Clausius K0=315 y=0.1,5.30570596716618,0.0338592477123315,0.057191469437077,tvm,TVM,564.2212831027393,18.270592977429768,0.0686731772110184,0.4501818263011174,-12.964887010263588,-0.0348139294986869,-0.39299035686404044,5.853434201776667,6.190434254506643
315.0,0.1,Clausius K0=315 y=0.1,5.30570596716618,0.0338592477123315,0.057191469437077,rks,RKS,517.6872568264379,18.24001789209203,0.0642915436584505,0.3967767384930558,-12.93431192492585,-0.030432295946118994,-0.3395852690559788,5.661459281943969,5.923067611508541
315.0,0.1,Clausius K0=315 y=0.1,5.30570596716618,0.0338592477123315,0.057191469437077,pr,PR,443.1214644777803,17.14148343849026,0.0607238126175483,0.3318221903778373,-11.835777471324079,-0.026864564905216798,-0.2746307209407603,5.142514858518195,5.331752173297987
