target_k0,y,Tc,nc,Pc,dPdn,d2Pdn2,score,iterations,mu_p_star,mu_n_star,c,a_avg,b_avg,a_n,a_pn,b_n,b_pn
250.0,0.5,16.16332176411409,0.049924968270251203,0.24195310473081666,-1.1146039646803274e-06,3.2912561565012766e-05,2.3921221237724662e-14,12,940.2602023706071,940.2602023706071,4.735852815975205,472.32750754938456,1.727371070253316,259.41373299579254,685.2412821029766,1.3169230324118786,2.1378191080947535
250.0,0.4,15.574217025393496,0.04917398134797148,0.22999280662849342,-2.672825849536764e-07,-9.128531264224193e-05,9.92838519523457e-14,11,936.6641948714379,944.6731892530067,4.735852815975205,472.32750754938456,1.727371070253316,259.41373299579254,685.2412821029766,1.3169230324118786,2.1378191080947535
250.0,0.3,13.753714837714396,0.04664858568701,0.19369725335795784,8.938511042444475e-07,3.399502901402229e-05,2.429604878400965e-14,12,934.2774297976847,949.3948173970715,4.735852815975205,472.32750754938456,1.727371070253316,259.41373299579254,685.2412821029766,1.3169230324118786,2.1378191080947535
250.0,0.2,10.505401021534114,0.04131343022901767,0.13245216167832052,-1.9221249591971912e-07,-4.5123627057108706e-05,3.999587751519187e-14,12,933.6071190544575,953.5210401162711,4.735852815975205,472.32750754938456,1.727371070253316,259.41373299579254,685.2412821029766,1.3169230324118786,2.1378191080947535
250.0,0.1,5.139331050475913,0.029874145576080077,0.047952589966328674,-1.3244585983507307e-07,-6.29107876903845e-05,5.689756024897476e-14,14,936.127201224566,954.7490558677762,4.735852815975205,472.32750754938456,1.727371070253316,259.41373299579254,685.2412821029766,1.3169230324118786,2.1378191080947535
260.0,0.5,16.272524903638782,0.05066669396707877,0.2487001587388793,3.5637037765212654e-06,-8.676392937445598e-06,1.2051395042460764e-13,11,940.4831671990571,940.4831671990571,4.516312341231182,466.0260193915302,1.8008375723516208,256.197399369316,675.8546394137445,1.3512715162266888,2.250403628476553
260.0,0.4,15.683303381028523,0.04992942148640113,0.236539982626209,-8.589196021091539e-07,7.969180870759374e-05,8.000621136875295e-14,11,936.859921641351,944.9213471111644,4.516312341231182,466.0260193915302,1.8008375723516208,256.197399369316,675.8546394137445,1.3512715162266888,2.250403628476553
260.0,0.3,13.859511057496679,0.047435640525044696,0.19953408571487807,2.4523930108877323e-06,4.56773507906405e-05,8.01531968996955e-14,11,934.4384489904863,949.6715932856323,4.516312341231182,466.0260193915302,1.8008375723516208,256.197399369316,675.8546394137445,1.3512715162266888,2.250403628476553
260.0,0.2,10.593920390592196,0.04210914866119462,0.1367320762656109,-3.2744348898994247e-06,7.172040739078511e-06,5.661272017683577e-14,10,933.7271187344198,953.8274507892106,4.516312341231182,466.0260193915302,1.8008375723516208,256.197399369316,675.8546394137445,1.3512715162266888,2.250403628476553
260.0,0.1,5.16193715263756,0.0305067821162263,0.04933101306243626,7.375107469176356e-08,5.045755480104219e-05,3.7275127026578245e-14,12,936.2372986951524,955.0409130250248,4.516312341231182,466.0260193915302,1.8008375723516208,256.197399369316,675.8546394137445,1.3512715162266888,2.250403628476553
270.0,0.5,16.378587557623877,0.05138504023911006,0.25536763116840644,2.9732150075290065e-06,-4.888867088936877e-05,1.0542512213918416e-13,11,940.6998199956223,940.6998199956223,4.3094530904642205,460.0644729177234,1.8704177601460852,253.17780221730465,666.9511436181422,1.384756503787714,2.3560790165044563
270.0,0.4,15.789360737495121,0.050661466241303424,0.24301574218047228,-1.362108481561819e-06,5.287714710533464e-05,4.925059992022348e-14,11,937.0501169560827,945.1624023875338,4.3094530904642205,460.0644729177234,1.8704177601460852,253.17780221730465,666.9511436181422,1.384756503787714,2.3560790165044563
270.0,0.3,13.962737579139903,0.04820016745974915,0.20532414740855442,6.090148108039983e-06,-4.94021490382579e-05,3.3526830108892024e-13,10,934.5948268560443,949.9405682161436,4.3094530904642205,460.0644729177234,1.8704177601460852,253.17780221730465,666.9511436181422,1.384756503787714,2.3560790165044563
270.0,0.2,10.681061587245514,0.042886494516488155,0.1410030224537766,-1.2778722524586783e-06,-6.457612222732223e-05,9.425012032590084e-14,11,933.843082709318,954.1260135342526,4.3094530904642205,460.0644729177234,1.8704177601460852,253.17780221730465,666.9511436181422,1.384756503787714,2.3560790165044563
270.0,0.1,5.1857168132803695,0.031131884101348362,0.05072427690285225,8.446104926562725e-08,4.260480856999038e-05,2.7119032772840673e-14,12,936.3418795578262,955.3273326390735,4.3094530904642205,460.0644729177234,1.8704177601460852,253.17780221730465,666.9511436181422,1.384756503787714,2.3560790165044563
280.0,0.5,16.4817165975974,0.0520814359187431,0.261959538318564,2.3054005926503862e-06,-8.290867992144513e-05,1.1578285552866834e-13,11,940.91055777039,940.91055777039,4.11410812010825,454.41269746338673,1.9364497235562024,250.33652601237475,658.4888689143987,1.417423248321993,2.455476198790412
280.0,0.4,15.892574468950635,0.051371537922035464,0.24942312376073283,-6.477294256512778e-06,9.031109193813336e-05,4.945099397029584e-13,10,937.2351520183165,945.3968370342665,4.11410812010825,454.41269746338673,1.9364497235562024,250.33652601237475,658.4888689143987,1.417423248321993,2.455476198790412
280.0,0.3,14.063530458374572,0.048943415460203074,0.2110688843825943,1.1105474873041032e-06,-6.563916077340082e-05,6.945341331631184e-14,11,934.7468901046402,950.2022651752985,4.11410812010825,454.41269746338673,1.9364497235562024,250.33652601237475,658.4888689143987,1.417423248321993,2.455476198790412
280.0,0.2,10.766877967362776,0.04364634013605603,0.1452653323918861,-5.024400340225554e-07,-4.173050793809807e-05,3.8096006808846964e-14,12,933.9553163504867,954.4172261090946,4.11410812010825,454.41269746338673,1.9364497235562024,250.33652601237475,658.4888689143987,1.417423248321993,2.455476198790412
280.0,0.1,5.2106102155646905,0.03174976009176865,0.052132986766436185,2.438087232103925e-07,8.337636137056847e-05,1.0615621721752859e-13,11,936.4413235553469,955.6086461427575,4.11410812010825,454.41269746338673,1.9364497235562024,250.33652601237475,658.4888689143987,1.417423248321993,2.455476198790412
290.0,0.5,16.58209293829266,0.05275718658228931,0.2684792666644116,4.697545130660785e-07,-3.411992910429262e-05,1.318970099062435e-14,12,941.1157525581395,941.1157525581395,3.929255253400764,449.0441779965488,1.9992312831987935,247.65745403286007,650.4309019602375,1.4493131042492868,2.5491494621483
290.0,0.4,15.993123460950962,0.052060883289427484,0.25576550518434393,-8.657636829667581e-06,2.3420154704467677e-05,7.210865665755318e-13,10,937.4153188725891,945.6250446749685,3.929255253400764,449.0441779965488,1.9992312831987935,247.65745403286007,650.4309019602375,1.4493131042492868,2.5491494621483
290.0,0.3,14.162036487067288,0.049666519546420956,0.2167707238997355,4.621089622069974e-07,8.94923024574723e-05,1.0941577378358913e-13,11,934.8948812860749,950.4571196676713,3.929255253400764,449.0441779965488,1.9992312831987935,247.65745403286007,650.4309019602375,1.4493131042492868,2.5491494621483
290.0,0.2,10.851425264303314,0.04438944868668594,0.14951953464555912,-6.500347482507607e-07,-6.204758928873844e-05,8.588971529762059e-14,12,934.0640654458658,954.7015127912525,3.929255253400764,449.0441779965488,1.9992312831987935,247.65745403286007,650.4309019602375,1.4493131042492868,2.5491494621483
290.0,0.1,5.236561824110131,0.03236067514914255,0.05355767656664351,1.5169569766992907e-06,8.942985241233714e-05,1.3157397541983272e-13,9,936.53596983391,955.8851455461089,3.929255253400764,449.0441779965488,1.9992312831987935,247.65745403286007,650.4309019602375,1.4493131042492868,2.5491494621483
300.0,0.5,16.679884640144138,0.05341347209460521,0.27493016536447623,8.08723643608289e-07,7.471245844214991e-05,5.822470146382118e-14,11,941.3157291351805,941.3157291351805,3.753994374275208,443.9354895813443,2.0590261392790437,245.1264075886388,642.7445715740498,1.4804640626499397,2.637588215908148
300.0,0.4,16.091174393075534,0.05273067020621401,0.26204625674861004,3.6739433717514203e-06,-4.3365311341858614e-05,1.4604918696209186e-13,11,937.5908864705634,945.8473882370473,3.753994374275208,443.9354895813443,2.0590261392790437,245.1264075886388,642.7445715740498,1.4804640626499397,2.637588215908148
300.0,0.3,14.258373188859562,0.05037046976330103,0.2224311175948459,6.610767488979263e-08,5.3013149425851225e-05,3.685069849706899e-14,11,935.0390336338507,950.7055249818131,3.753994374275208,443.9354895813443,2.0590261392790437,245.1264075886388,642.7445715740498,1.4804640626499397,2.637588215908148
300.0,0.2,10.934755366027504,0.04511654371654618,0.15376611217575797,-8.24138535193697e-07,-8.26561041833429e-05,1.4956450692979766e-13,12,934.1695557488754,954.9792662489896,3.753994374275208,443.9354895813443,2.0590261392790437,245.1264075886388,642.7445715740498,1.4804640626499397,2.637588215908148
300.0,0.1,5.263510129136096,0.032964874714310415,0.05499858406926428,-1.5209181136732752e-07,-6.325356904923751e-05,6.387180728362593e-14,14,936.6261466740287,956.1571024064498,3.753994374275208,443.9354895813443,2.0590261392790437,245.1264075886388,642.7445715740498,1.4804640626499397,2.637588215908148
310.0,0.5,16.775238856064664,0.05405135342616753,0.28131502308590983,3.7761210824882596e-07,5.497546862187619e-05,2.904942332901072e-14,11,941.5107846818443,941.5107846818443,3.5875294213514457,439.0658499510121,2.116068738422963,242.7308576742723,635.4008422277519,1.5109111066450878,2.7212263702008386
310.0,0.4,16.186843457054096,0.053381967899043,0.268266570611989,3.7048125678396104e-06,-5.679900993982301e-05,1.5922294758595935e-13,11,937.7621686726501,946.0642547954841,3.5875294213514457,439.0658499510121,2.116068738422963,242.7308576742723,635.4008422277519,1.5109111066450878,2.7212263702008386
310.0,0.3,14.352650699183078,0.05105624497739645,0.22805152389803018,-1.3512016505679014e-06,6.389611062473932e-05,6.620726641813647e-14,10,935.1795794074616,950.9478658701784,3.5875294213514457,439.0658499510121,2.116068738422963,242.7308576742723,635.4008422277519,1.5109111066450878,2.7212263702008386
310.0,0.2,11.016917450496772,0.04582831386656446,0.15800554112718967,1.035266039561833e-06,9.323375405045908e-05,1.8670004036978656e-13,12,934.2719942662396,955.2508508686207,3.5875294213514457,439.0658499510121,2.116068738422963,242.7308576742723,635.4008422277519,1.5109111066450878,2.7212263702008386
310.0,0.1,5.291412824108173,0.033562672992903074,0.056456266361072094,-1.6294729454635615e-07,-6.675077157680676e-05,7.2847657340251e-14,14,936.7121394858735,956.4247945457258,3.5875294213514457,439.0658499510121,2.116068738422963,242.7308576742723,635.4008422277519,1.5109111066450878,2.7212263702008386
315.0,0.5,16.822045353851347,0.05436371130840926,0.2844835588150517,1.3956835687167768e-07,4.6984638402136625e-05,2.0297726147792114e-14,11,941.6065560555269,941.6065560555269,3.5073713953624717,436.7148092841095,2.1436242133901695,241.58037146868372,631.8492470995354,1.52588085720643,2.761367569573909
315.0,0.4,16.233830136175893,0.05370098819110458,0.2713550481230649,3.7199310298774435e-06,-6.34936547783127e-05,1.668947612817517e-13,11,937.8462678570297,946.1707240386216,3.5073713953624717,436.7148092841095,2.1436242133901695,241.58037146868372,631.8492470995354,1.52588085720643,2.761367569573909
315.0,0.3,14.399044576498909,0.0513925881150354,0.2308469196163504,-7.421825931608339e-06,3.4333647036532966e-05,4.356188583479619e-13,9,935.2485707093747,951.066872897716,3.5073713953624717,436.7148092841095,2.1436242133901695,241.58037146868372,631.8492470995354,1.52588085720643,2.761367569573909
315.0,0.2,11.057572132430584,0.046178625414701586,0.16012259163252962,1.0000381078789644e-06,8.348044477912708e-05,1.4873243925884196e-13,12,934.3221250575136,955.3844251211535,3.5073713953624717,436.7148092841095,2.1436242133901695,241.58037146868372,631.8492470995354,1.52588085720643,2.761367569573909
315.0,0.1,5.30570596716618,0.0338592477123315,0.05719146943707709,-1.6861026463921291e-07,-6.847716838009887e-05,7.760958451166856e-14,14,936.7536533222054,956.5571166328282,3.5073713953624717,436.7148092841095,2.1436242133901695,241.58037146868372,631.8492470995354,1.52588085720643,2.761367569573909
